"ref_perso";"login"
"5";"laurence"
"4";"dominique"
"832";"nina"
"844";"jdelobel"
"838";"vdessenne"
"831";"eric"
"846";"madiole"
"820";"gdelacauchy"
"845";"ecosyns"
"720";"ericb"
"936";"mdelaire"
"3";"philippe"
"945";"fiona"
"918";"nicolas"
"876";"edouardv"
"60";"christian"
"898";"jframezelle"
"1030";"vhelin"
"1039";"cwiscart"
"32";"efatous"
"40";"pfontaine"
"1";"rv"
"47";"cdeguine"
"23";"elavigne"
"45";"amgressier"
"42";"mcouly"
"58";"svieillard"
"367";"huguesd"
"584";"rvitoux"
"540";"panim"
"30";"jmheck"
"59";"dretaux"
"28";"glaigle"
"19";"aboulogne"
"44";"jbpoulain"
"425";"kwimez"
"291";"fcoisy"
"189";"cvidal"
"1047";"romain"
"835";"cnavez"
"26";"fharlay"
"61";"eduborper"
"12";"dgardet"
"20";"jlenoir"
"33";"pgressier"
"22";"cleroy"
"13";"odarcourt"
"589";"sdanis"
"41";"mvasseur"
"15";"asibille"
"18";"sgron"
"1012";"kbatelot"
"243";"dtirmarche"
"1043";"jpetit"
"43";"mdelamaere"
"50";"fdanguy"
"14";"hmasingarbe"
"407";"jpereira"
"62";"alexandre"
"38";"dramet"
"369";"hretaux"
"345";"gmodeste"
"362";"heleneh"
"595";"sansel"
"125";"atant"
"25";"vdumont"
"55";"gsmal"
"203";"cturpin"
"1044";"yminet"
"35";"glejosne"
"57";"qvercamer"
"46";"lclety"
"56";"pblancart"
"21";"dlavogiez"
"37";"xgruwier"
"27";"tdesvignes"
"63";"charlotte"
"24";"vrepillet"
"53";"jdratier"
"36";"fgrandcolas"
"29";"pierre"
"64";"hmachouk"
"7";"bruno"
"31";"entomo"
"944";"e.alfa"
"691";"lmsourget"
"943";"e.vercaemer"
"49";"adelcroix"
"39";"dfoulon"
"600";"smaertens"
"51";"qtellier"
"10";"xavier"
"120";"acodron"
"9";"stephane"
"34";"cheroguel"
"8";"hubert"
"6";"vincent"
"695";"sbracquart"
"48";"ftoulotte"
"2";"lydie"
